<application>
  <component name="ProjectManager">
    <defaultProject>
      <component name="Encoding" addBOMForNewFiles="with NO BOM" />
      <component name="MavenImportPreferences">
        <option name="generalSettings">
          <MavenGeneralSettings>
            <option name="mavenHome" value="/usr/share/maven" />
          </MavenGeneralSettings>
        </option>
      </component>
      <component name="PropertiesComponent">
        <property name="settings.editor.selected.configurable" value="reference.settings.project.maven.importing" />
      </component>
      <component name="masterDetails">
        <states>
          <state key="ProjectJDKs.UI">
            <settings>
              <last-edited>1.8</last-edited>
              <splitter-proportions>
                <option name="proportions">
                  <list>
                    <option value="0.2" />
                  </list>
                </option>
              </splitter-proportions>
            </settings>
          </state>
        </states>
      </component>
    </defaultProject>
  </component>
</application>