<keymap version="1" name="Default for XWin copy" parent="Default for XWin">
  <action id="Back">
    <keyboard-shortcut first-keystroke="ctrl alt left" />
    <mouse-shortcut keystroke="button4" />
    <keyboard-shortcut first-keystroke="alt a" />
  </action>
  <action id="EditorCutLineEnd">
    <keyboard-shortcut first-keystroke="shift ctrl x" />
  </action>
  <action id="Forward">
    <keyboard-shortcut first-keystroke="ctrl alt right" />
    <mouse-shortcut keystroke="button5" />
    <keyboard-shortcut first-keystroke="alt d" />
  </action>
</keymap>